variable,alias,descripcion
conteo::total_datos,conteo::total_datos,Conteo total de datos en el grupo
ASMA-1,ASMA-SI ,Identifica si el paciente tiene un diagnóstico de asma. 
ASMA-2,ASMA-NO ,Identifica si el paciente tiene un diagnóstico de asma. 
ASMA-97,ASMA-NO APLICA,Identifica si el paciente tiene un diagnóstico de asma. 
ASMA-98,ASMA-SE IGNORA,Identifica si el paciente tiene un diagnóstico de asma. 
ASMA-99,ASMA-NO ESPECIFICADO,Identifica si el paciente tiene un diagnóstico de asma. 
CARDIOVASCULAR-1,CARDIOVASCULAR-SI ,Identifica si el paciente tiene un diagnóstico de enfermedades cardiovasculares. 
CARDIOVASCULAR-2,CARDIOVASCULAR-NO ,Identifica si el paciente tiene un diagnóstico de enfermedades cardiovasculares. 
CARDIOVASCULAR-97,CARDIOVASCULAR-NO APLICA,Identifica si el paciente tiene un diagnóstico de enfermedades cardiovasculares. 
CARDIOVASCULAR-98,CARDIOVASCULAR-SE IGNORA,Identifica si el paciente tiene un diagnóstico de enfermedades cardiovasculares. 
CARDIOVASCULAR-99,CARDIOVASCULAR-NO ESPECIFICADO,Identifica si el paciente tiene un diagnóstico de enfermedades cardiovasculares. 
CLASIFICACION_FINAL_COVID-1,CLASIFICACION_FINAL_COVID-CASO DE COVID-19 CONFIRMADO POR ASOCIACIÓN CLÍNICA EPIDEMIOLÓGICA,"Identifica si el paciente es un caso de COVID-19 según el catálogo ""CLASIFICACION_FINAL_COVID""."
CLASIFICACION_FINAL_COVID-2,CLASIFICACION_FINAL_COVID-CASO DE COVID-19 CONFIRMADO POR COMITÉ DE  DICTAMINACIÓN,"Identifica si el paciente es un caso de COVID-19 según el catálogo ""CLASIFICACION_FINAL_COVID""."
CLASIFICACION_FINAL_COVID-3,CLASIFICACION_FINAL_COVID-CASO DE SARS-COV-2  CONFIRMADO,"Identifica si el paciente es un caso de COVID-19 según el catálogo ""CLASIFICACION_FINAL_COVID""."
CLASIFICACION_FINAL_COVID-4,CLASIFICACION_FINAL_COVID-INVÁLIDO POR LABORATORIO,"Identifica si el paciente es un caso de COVID-19 según el catálogo ""CLASIFICACION_FINAL_COVID""."
CLASIFICACION_FINAL_COVID-5,CLASIFICACION_FINAL_COVID-NO REALIZADO POR LABORATORIO,"Identifica si el paciente es un caso de COVID-19 según el catálogo ""CLASIFICACION_FINAL_COVID""."
CLASIFICACION_FINAL_COVID-6,CLASIFICACION_FINAL_COVID-CASO SOSPECHOSO,"Identifica si el paciente es un caso de COVID-19 según el catálogo ""CLASIFICACION_FINAL_COVID""."
CLASIFICACION_FINAL_COVID-7,CLASIFICACION_FINAL_COVID-NEGATIVO A SARS-COV-2,"Identifica si el paciente es un caso de COVID-19 según el catálogo ""CLASIFICACION_FINAL_COVID""."
CLASIFICACION_FINAL_FLU-3,CLASIFICACION_FINAL_FLU-CASO DE INFLUENZA CONFIRMADO,"Identifica si el paciente es un caso de influenza según el catálogo ""CLASIFICACION_FINAL_FLU""."
CLASIFICACION_FINAL_FLU-4,CLASIFICACION_FINAL_FLU-INVÁLIDO POR LABORATORIO,"Identifica si el paciente es un caso de influenza según el catálogo ""CLASIFICACION_FINAL_FLU""."
CLASIFICACION_FINAL_FLU-5,CLASIFICACION_FINAL_FLU-NO REALIZADO POR LABORATORIO,"Identifica si el paciente es un caso de influenza según el catálogo ""CLASIFICACION_FINAL_FLU""."
CLASIFICACION_FINAL_FLU-6,CLASIFICACION_FINAL_FLU-CASO SOSPECHOSO,"Identifica si el paciente es un caso de influenza según el catálogo ""CLASIFICACION_FINAL_FLU""."
CLASIFICACION_FINAL_FLU-7,CLASIFICACION_FINAL_FLU-NEGATIVO A INFLUENZA,"Identifica si el paciente es un caso de influenza según el catálogo ""CLASIFICACION_FINAL_FLU""."
DIABETES-1,DIABETES-SI ,Identifica si el paciente tiene un diagnóstico de diabetes. 
DIABETES-2,DIABETES-NO ,Identifica si el paciente tiene un diagnóstico de diabetes. 
DIABETES-97,DIABETES-NO APLICA,Identifica si el paciente tiene un diagnóstico de diabetes. 
DIABETES-98,DIABETES-SE IGNORA,Identifica si el paciente tiene un diagnóstico de diabetes. 
DIABETES-99,DIABETES-NO ESPECIFICADO,Identifica si el paciente tiene un diagnóstico de diabetes. 
EMBARAZO-1,EMBARAZO-SI ,Identifica si la paciente está embarazada.
EMBARAZO-2,EMBARAZO-NO ,Identifica si la paciente está embarazada.
EMBARAZO-97,EMBARAZO-NO APLICA,Identifica si la paciente está embarazada.
EMBARAZO-98,EMBARAZO-SE IGNORA,Identifica si la paciente está embarazada.
EMBARAZO-99,EMBARAZO-NO ESPECIFICADO,Identifica si la paciente está embarazada.
EPOC-1,EPOC-SI ,Identifica si el paciente tiene un diagnóstico de EPOC. 
EPOC-2,EPOC-NO ,Identifica si el paciente tiene un diagnóstico de EPOC. 
EPOC-97,EPOC-NO APLICA,Identifica si el paciente tiene un diagnóstico de EPOC. 
EPOC-98,EPOC-SE IGNORA,Identifica si el paciente tiene un diagnóstico de EPOC. 
EPOC-99,EPOC-NO ESPECIFICADO,Identifica si el paciente tiene un diagnóstico de EPOC. 
HABLA_LENGUA_INDIG-1,HABLA_LENGUA_INDIG-SI ,Identifica si el paciente habla lengua índigena.
HABLA_LENGUA_INDIG-2,HABLA_LENGUA_INDIG-NO ,Identifica si el paciente habla lengua índigena.
HABLA_LENGUA_INDIG-97,HABLA_LENGUA_INDIG-NO APLICA,Identifica si el paciente habla lengua índigena.
HABLA_LENGUA_INDIG-98,HABLA_LENGUA_INDIG-SE IGNORA,Identifica si el paciente habla lengua índigena.
HABLA_LENGUA_INDIG-99,HABLA_LENGUA_INDIG-NO ESPECIFICADO,Identifica si el paciente habla lengua índigena.
HIPERTENSION-1,HIPERTENSION-SI ,Identifica si el paciente tiene un diagnóstico de hipertensión. 
HIPERTENSION-2,HIPERTENSION-NO ,Identifica si el paciente tiene un diagnóstico de hipertensión. 
HIPERTENSION-97,HIPERTENSION-NO APLICA,Identifica si el paciente tiene un diagnóstico de hipertensión. 
HIPERTENSION-98,HIPERTENSION-SE IGNORA,Identifica si el paciente tiene un diagnóstico de hipertensión. 
HIPERTENSION-99,HIPERTENSION-NO ESPECIFICADO,Identifica si el paciente tiene un diagnóstico de hipertensión. 
INDIGENA-1,INDIGENA-SI ,Identifica si el paciente se autoidentifica como una persona indígena. 
INDIGENA-2,INDIGENA-NO ,Identifica si el paciente se autoidentifica como una persona indígena. 
INDIGENA-97,INDIGENA-NO APLICA,Identifica si el paciente se autoidentifica como una persona indígena. 
INDIGENA-98,INDIGENA-SE IGNORA,Identifica si el paciente se autoidentifica como una persona indígena. 
INDIGENA-99,INDIGENA-NO ESPECIFICADO,Identifica si el paciente se autoidentifica como una persona indígena. 
INMUSUPR-1,INMUSUPR-SI ,Identifica si el paciente presenta inmunosupresión.
INMUSUPR-2,INMUSUPR-NO ,Identifica si el paciente presenta inmunosupresión.
INMUSUPR-97,INMUSUPR-NO APLICA,Identifica si el paciente presenta inmunosupresión.
INMUSUPR-98,INMUSUPR-SE IGNORA,Identifica si el paciente presenta inmunosupresión.
INMUSUPR-99,INMUSUPR-NO ESPECIFICADO,Identifica si el paciente presenta inmunosupresión.
INTUBADO-1,INTUBADO-SI ,Identifica si el paciente requirió de intubación.
INTUBADO-2,INTUBADO-NO ,Identifica si el paciente requirió de intubación.
INTUBADO-97,INTUBADO-NO APLICA,Identifica si el paciente requirió de intubación.
INTUBADO-98,INTUBADO-SE IGNORA,Identifica si el paciente requirió de intubación.
INTUBADO-99,INTUBADO-NO ESPECIFICADO,Identifica si el paciente requirió de intubación.
MIGRANTE-1,MIGRANTE-SI ,Identifica si el paciente es una persona migrante.
MIGRANTE-2,MIGRANTE-NO ,Identifica si el paciente es una persona migrante.
MIGRANTE-97,MIGRANTE-NO APLICA,Identifica si el paciente es una persona migrante.
MIGRANTE-98,MIGRANTE-SE IGNORA,Identifica si el paciente es una persona migrante.
MIGRANTE-99,MIGRANTE-NO ESPECIFICADO,Identifica si el paciente es una persona migrante.
NACIONALIDAD-1,NACIONALIDAD-MEXICANA,Identifica si el paciente es mexicano o extranjero.
NACIONALIDAD-2,NACIONALIDAD-EXTRANJERA,Identifica si el paciente es mexicano o extranjero.
NACIONALIDAD-99,NACIONALIDAD-NO ESPECIFICADO,Identifica si el paciente es mexicano o extranjero.
NEUMONIA-1,NEUMONIA-SI ,Identifica si al paciente se le diagnosticó con neumonía.
NEUMONIA-2,NEUMONIA-NO ,Identifica si al paciente se le diagnosticó con neumonía.
NEUMONIA-97,NEUMONIA-NO APLICA,Identifica si al paciente se le diagnosticó con neumonía.
NEUMONIA-98,NEUMONIA-SE IGNORA,Identifica si al paciente se le diagnosticó con neumonía.
NEUMONIA-99,NEUMONIA-NO ESPECIFICADO,Identifica si al paciente se le diagnosticó con neumonía.
OBESIDAD-1,OBESIDAD-SI ,Identifica si el paciente tiene diagnóstico de obesidad.
OBESIDAD-2,OBESIDAD-NO ,Identifica si el paciente tiene diagnóstico de obesidad.
OBESIDAD-97,OBESIDAD-NO APLICA,Identifica si el paciente tiene diagnóstico de obesidad.
OBESIDAD-98,OBESIDAD-SE IGNORA,Identifica si el paciente tiene diagnóstico de obesidad.
OBESIDAD-99,OBESIDAD-NO ESPECIFICADO,Identifica si el paciente tiene diagnóstico de obesidad.
ORIGEN-1,ORIGEN-USMER,"La vigilancia centinela se realiza a través del sistema de unidades de salud monitoras de enfermedades respiratorias (USMER). Las USMER incluyen unidades médicas del primer, segundo o tercer nivel de atención y también participan como USMER las unidades de tercer nivel que por sus características contribuyen a ampliar el panorama de información epidemiológica, entre ellas las que cuenten con especialidad de neumología, infectología o pediatría. "
ORIGEN-2,ORIGEN-FUERA DE USMER,"La vigilancia centinela se realiza a través del sistema de unidades de salud monitoras de enfermedades respiratorias (USMER). Las USMER incluyen unidades médicas del primer, segundo o tercer nivel de atención y también participan como USMER las unidades de tercer nivel que por sus características contribuyen a ampliar el panorama de información epidemiológica, entre ellas las que cuenten con especialidad de neumología, infectología o pediatría. "
ORIGEN-99,ORIGEN-NO ESPECIFICADO,"La vigilancia centinela se realiza a través del sistema de unidades de salud monitoras de enfermedades respiratorias (USMER). Las USMER incluyen unidades médicas del primer, segundo o tercer nivel de atención y también participan como USMER las unidades de tercer nivel que por sus características contribuyen a ampliar el panorama de información epidemiológica, entre ellas las que cuenten con especialidad de neumología, infectología o pediatría. "
OTRA_COM-1,OTRA_COM-SI ,Identifica si el paciente tiene diagnóstico de otras enfermedades.
OTRA_COM-2,OTRA_COM-NO ,Identifica si el paciente tiene diagnóstico de otras enfermedades.
OTRA_COM-97,OTRA_COM-NO APLICA,Identifica si el paciente tiene diagnóstico de otras enfermedades.
OTRA_COM-98,OTRA_COM-SE IGNORA,Identifica si el paciente tiene diagnóstico de otras enfermedades.
OTRA_COM-99,OTRA_COM-NO ESPECIFICADO,Identifica si el paciente tiene diagnóstico de otras enfermedades.
OTRO_CASO-1,OTRO_CASO-SI ,Identifica si el paciente tuvo contacto con algún otro caso diagnósticado con SARS CoV-2
OTRO_CASO-2,OTRO_CASO-NO ,Identifica si el paciente tuvo contacto con algún otro caso diagnósticado con SARS CoV-2
OTRO_CASO-97,OTRO_CASO-NO APLICA,Identifica si el paciente tuvo contacto con algún otro caso diagnósticado con SARS CoV-2
OTRO_CASO-98,OTRO_CASO-SE IGNORA,Identifica si el paciente tuvo contacto con algún otro caso diagnósticado con SARS CoV-2
OTRO_CASO-99,OTRO_CASO-NO ESPECIFICADO,Identifica si el paciente tuvo contacto con algún otro caso diagnósticado con SARS CoV-2
RENAL_CRONICA-1,RENAL_CRONICA-SI ,Identifica si el paciente tiene diagnóstico de insuficiencia renal crónica.
RENAL_CRONICA-2,RENAL_CRONICA-NO ,Identifica si el paciente tiene diagnóstico de insuficiencia renal crónica.
RENAL_CRONICA-97,RENAL_CRONICA-NO APLICA,Identifica si el paciente tiene diagnóstico de insuficiencia renal crónica.
RENAL_CRONICA-98,RENAL_CRONICA-SE IGNORA,Identifica si el paciente tiene diagnóstico de insuficiencia renal crónica.
RENAL_CRONICA-99,RENAL_CRONICA-NO ESPECIFICADO,Identifica si el paciente tiene diagnóstico de insuficiencia renal crónica.
RESULTADO_ANTIGENO-1,RESULTADO_ANTIGENO-POSITIVO A SARS-COV-2,Identifica el resultado del análisis de la muestra de antígeno tomada al paciente
RESULTADO_ANTIGENO-2,RESULTADO_ANTIGENO-NEGATIVO A SARS-COV-2,Identifica el resultado del análisis de la muestra de antígeno tomada al paciente
RESULTADO_ANTIGENO-97,RESULTADO_ANTIGENO-NO APLICA (CASO SIN MUESTRA),Identifica el resultado del análisis de la muestra de antígeno tomada al paciente
RESULTADO_PCR-1,RESULTADO_PCR-INFLUENZA AH1N1 PMD,"Identifica el resultado de la muestra del paciente a los diferentes virus respiratorios que se analizan en los laboratorios de la Red Nacional de Laboratorios de Vigilancia Epidemiológica (INDRE, LESP y LAVE) y laboratorios privados avalados por el InDRE cuyos resultados son registrados en SISVER."
RESULTADO_PCR-2,RESULTADO_PCR-INFLUENZA A H1,"Identifica el resultado de la muestra del paciente a los diferentes virus respiratorios que se analizan en los laboratorios de la Red Nacional de Laboratorios de Vigilancia Epidemiológica (INDRE, LESP y LAVE) y laboratorios privados avalados por el InDRE cuyos resultados son registrados en SISVER."
RESULTADO_PCR-3,RESULTADO_PCR-INFLUENZA A H3,"Identifica el resultado de la muestra del paciente a los diferentes virus respiratorios que se analizan en los laboratorios de la Red Nacional de Laboratorios de Vigilancia Epidemiológica (INDRE, LESP y LAVE) y laboratorios privados avalados por el InDRE cuyos resultados son registrados en SISVER."
RESULTADO_PCR-4,RESULTADO_PCR-INFLUENZA B,"Identifica el resultado de la muestra del paciente a los diferentes virus respiratorios que se analizan en los laboratorios de la Red Nacional de Laboratorios de Vigilancia Epidemiológica (INDRE, LESP y LAVE) y laboratorios privados avalados por el InDRE cuyos resultados son registrados en SISVER."
RESULTADO_PCR-5,RESULTADO_PCR-NEGATIVO,"Identifica el resultado de la muestra del paciente a los diferentes virus respiratorios que se analizan en los laboratorios de la Red Nacional de Laboratorios de Vigilancia Epidemiológica (INDRE, LESP y LAVE) y laboratorios privados avalados por el InDRE cuyos resultados son registrados en SISVER."
RESULTADO_PCR-6,RESULTADO_PCR-MUESTRA NO ADECUADA,"Identifica el resultado de la muestra del paciente a los diferentes virus respiratorios que se analizan en los laboratorios de la Red Nacional de Laboratorios de Vigilancia Epidemiológica (INDRE, LESP y LAVE) y laboratorios privados avalados por el InDRE cuyos resultados son registrados en SISVER."
RESULTADO_PCR-7,RESULTADO_PCR-ADENOVIRUS,"Identifica el resultado de la muestra del paciente a los diferentes virus respiratorios que se analizan en los laboratorios de la Red Nacional de Laboratorios de Vigilancia Epidemiológica (INDRE, LESP y LAVE) y laboratorios privados avalados por el InDRE cuyos resultados son registrados en SISVER."
RESULTADO_PCR-8,RESULTADO_PCR-PARAINFLUENZA 1,"Identifica el resultado de la muestra del paciente a los diferentes virus respiratorios que se analizan en los laboratorios de la Red Nacional de Laboratorios de Vigilancia Epidemiológica (INDRE, LESP y LAVE) y laboratorios privados avalados por el InDRE cuyos resultados son registrados en SISVER."
RESULTADO_PCR-9,RESULTADO_PCR-PARAINFLUENZA 2,"Identifica el resultado de la muestra del paciente a los diferentes virus respiratorios que se analizan en los laboratorios de la Red Nacional de Laboratorios de Vigilancia Epidemiológica (INDRE, LESP y LAVE) y laboratorios privados avalados por el InDRE cuyos resultados son registrados en SISVER."
RESULTADO_PCR-10,RESULTADO_PCR-PARAINFLUENZA 3,"Identifica el resultado de la muestra del paciente a los diferentes virus respiratorios que se analizan en los laboratorios de la Red Nacional de Laboratorios de Vigilancia Epidemiológica (INDRE, LESP y LAVE) y laboratorios privados avalados por el InDRE cuyos resultados son registrados en SISVER."
RESULTADO_PCR-11,RESULTADO_PCR-VIRUS SINCICIAL RESPIRATORIO,"Identifica el resultado de la muestra del paciente a los diferentes virus respiratorios que se analizan en los laboratorios de la Red Nacional de Laboratorios de Vigilancia Epidemiológica (INDRE, LESP y LAVE) y laboratorios privados avalados por el InDRE cuyos resultados son registrados en SISVER."
RESULTADO_PCR-13,RESULTADO_PCR-INFLUENZA A NO SUBTIPIFICADA,"Identifica el resultado de la muestra del paciente a los diferentes virus respiratorios que se analizan en los laboratorios de la Red Nacional de Laboratorios de Vigilancia Epidemiológica (INDRE, LESP y LAVE) y laboratorios privados avalados por el InDRE cuyos resultados son registrados en SISVER."
RESULTADO_PCR-14,RESULTADO_PCR-INFLUENZA A H5,"Identifica el resultado de la muestra del paciente a los diferentes virus respiratorios que se analizan en los laboratorios de la Red Nacional de Laboratorios de Vigilancia Epidemiológica (INDRE, LESP y LAVE) y laboratorios privados avalados por el InDRE cuyos resultados son registrados en SISVER."
RESULTADO_PCR-17,RESULTADO_PCR-MUESTRA RECHAZADA,"Identifica el resultado de la muestra del paciente a los diferentes virus respiratorios que se analizan en los laboratorios de la Red Nacional de Laboratorios de Vigilancia Epidemiológica (INDRE, LESP y LAVE) y laboratorios privados avalados por el InDRE cuyos resultados son registrados en SISVER."
RESULTADO_PCR-20,RESULTADO_PCR-VIRUS SINCICIAL RESPIRATORIO A,"Identifica el resultado de la muestra del paciente a los diferentes virus respiratorios que se analizan en los laboratorios de la Red Nacional de Laboratorios de Vigilancia Epidemiológica (INDRE, LESP y LAVE) y laboratorios privados avalados por el InDRE cuyos resultados son registrados en SISVER."
RESULTADO_PCR-21,RESULTADO_PCR-VIRUS SINCICIAL RESPIRATORIO B,"Identifica el resultado de la muestra del paciente a los diferentes virus respiratorios que se analizan en los laboratorios de la Red Nacional de Laboratorios de Vigilancia Epidemiológica (INDRE, LESP y LAVE) y laboratorios privados avalados por el InDRE cuyos resultados son registrados en SISVER."
RESULTADO_PCR-22,RESULTADO_PCR-CORONA 229E,"Identifica el resultado de la muestra del paciente a los diferentes virus respiratorios que se analizan en los laboratorios de la Red Nacional de Laboratorios de Vigilancia Epidemiológica (INDRE, LESP y LAVE) y laboratorios privados avalados por el InDRE cuyos resultados son registrados en SISVER."
RESULTADO_PCR-23,RESULTADO_PCR-CORONA OC43,"Identifica el resultado de la muestra del paciente a los diferentes virus respiratorios que se analizan en los laboratorios de la Red Nacional de Laboratorios de Vigilancia Epidemiológica (INDRE, LESP y LAVE) y laboratorios privados avalados por el InDRE cuyos resultados son registrados en SISVER."
RESULTADO_PCR-24,RESULTADO_PCR-CORONA SARS,"Identifica el resultado de la muestra del paciente a los diferentes virus respiratorios que se analizan en los laboratorios de la Red Nacional de Laboratorios de Vigilancia Epidemiológica (INDRE, LESP y LAVE) y laboratorios privados avalados por el InDRE cuyos resultados son registrados en SISVER."
RESULTADO_PCR-25,RESULTADO_PCR-CORONA NL63,"Identifica el resultado de la muestra del paciente a los diferentes virus respiratorios que se analizan en los laboratorios de la Red Nacional de Laboratorios de Vigilancia Epidemiológica (INDRE, LESP y LAVE) y laboratorios privados avalados por el InDRE cuyos resultados son registrados en SISVER."
RESULTADO_PCR-26,RESULTADO_PCR-CORONA HKU1,"Identifica el resultado de la muestra del paciente a los diferentes virus respiratorios que se analizan en los laboratorios de la Red Nacional de Laboratorios de Vigilancia Epidemiológica (INDRE, LESP y LAVE) y laboratorios privados avalados por el InDRE cuyos resultados son registrados en SISVER."
RESULTADO_PCR-27,RESULTADO_PCR-MUESTRA QUE NO AMPLIFICO,"Identifica el resultado de la muestra del paciente a los diferentes virus respiratorios que se analizan en los laboratorios de la Red Nacional de Laboratorios de Vigilancia Epidemiológica (INDRE, LESP y LAVE) y laboratorios privados avalados por el InDRE cuyos resultados son registrados en SISVER."
RESULTADO_PCR-28,RESULTADO_PCR-ENTEROV//RHINOVIRUS,"Identifica el resultado de la muestra del paciente a los diferentes virus respiratorios que se analizan en los laboratorios de la Red Nacional de Laboratorios de Vigilancia Epidemiológica (INDRE, LESP y LAVE) y laboratorios privados avalados por el InDRE cuyos resultados son registrados en SISVER."
RESULTADO_PCR-29,RESULTADO_PCR-METAPNEUMOVIRUS,"Identifica el resultado de la muestra del paciente a los diferentes virus respiratorios que se analizan en los laboratorios de la Red Nacional de Laboratorios de Vigilancia Epidemiológica (INDRE, LESP y LAVE) y laboratorios privados avalados por el InDRE cuyos resultados son registrados en SISVER."
RESULTADO_PCR-30,RESULTADO_PCR-MUESTRA SIN AISLAMIENTO,"Identifica el resultado de la muestra del paciente a los diferentes virus respiratorios que se analizan en los laboratorios de la Red Nacional de Laboratorios de Vigilancia Epidemiológica (INDRE, LESP y LAVE) y laboratorios privados avalados por el InDRE cuyos resultados son registrados en SISVER."
RESULTADO_PCR-32,RESULTADO_PCR-PARAINFLUENZA 4,"Identifica el resultado de la muestra del paciente a los diferentes virus respiratorios que se analizan en los laboratorios de la Red Nacional de Laboratorios de Vigilancia Epidemiológica (INDRE, LESP y LAVE) y laboratorios privados avalados por el InDRE cuyos resultados son registrados en SISVER."
RESULTADO_PCR-33,RESULTADO_PCR-MUESTRA SIN CELULAS,"Identifica el resultado de la muestra del paciente a los diferentes virus respiratorios que se analizan en los laboratorios de la Red Nacional de Laboratorios de Vigilancia Epidemiológica (INDRE, LESP y LAVE) y laboratorios privados avalados por el InDRE cuyos resultados son registrados en SISVER."
RESULTADO_PCR-34,RESULTADO_PCR-SARS-CoV-2,"Identifica el resultado de la muestra del paciente a los diferentes virus respiratorios que se analizan en los laboratorios de la Red Nacional de Laboratorios de Vigilancia Epidemiológica (INDRE, LESP y LAVE) y laboratorios privados avalados por el InDRE cuyos resultados son registrados en SISVER."
RESULTADO_PCR-35,RESULTADO_PCR-MERS-CoV,"Identifica el resultado de la muestra del paciente a los diferentes virus respiratorios que se analizan en los laboratorios de la Red Nacional de Laboratorios de Vigilancia Epidemiológica (INDRE, LESP y LAVE) y laboratorios privados avalados por el InDRE cuyos resultados son registrados en SISVER."
RESULTADO_PCR-36,RESULTADO_PCR-SARS-CoV,"Identifica el resultado de la muestra del paciente a los diferentes virus respiratorios que se analizan en los laboratorios de la Red Nacional de Laboratorios de Vigilancia Epidemiológica (INDRE, LESP y LAVE) y laboratorios privados avalados por el InDRE cuyos resultados son registrados en SISVER."
RESULTADO_PCR-37,RESULTADO_PCR-BOCAVIRUS,"Identifica el resultado de la muestra del paciente a los diferentes virus respiratorios que se analizan en los laboratorios de la Red Nacional de Laboratorios de Vigilancia Epidemiológica (INDRE, LESP y LAVE) y laboratorios privados avalados por el InDRE cuyos resultados son registrados en SISVER."
RESULTADO_PCR-41,RESULTADO_PCR-MUESTRA NO RECIBIDA,"Identifica el resultado de la muestra del paciente a los diferentes virus respiratorios que se analizan en los laboratorios de la Red Nacional de Laboratorios de Vigilancia Epidemiológica (INDRE, LESP y LAVE) y laboratorios privados avalados por el InDRE cuyos resultados son registrados en SISVER."
RESULTADO_PCR-997,RESULTADO_PCR-NO APLICA (CASO SIN MUESTRA),"Identifica el resultado de la muestra del paciente a los diferentes virus respiratorios que se analizan en los laboratorios de la Red Nacional de Laboratorios de Vigilancia Epidemiológica (INDRE, LESP y LAVE) y laboratorios privados avalados por el InDRE cuyos resultados son registrados en SISVER."
RESULTADO_PCR-998,RESULTADO_PCR-SIN COINFECCIÓN,"Identifica el resultado de la muestra del paciente a los diferentes virus respiratorios que se analizan en los laboratorios de la Red Nacional de Laboratorios de Vigilancia Epidemiológica (INDRE, LESP y LAVE) y laboratorios privados avalados por el InDRE cuyos resultados son registrados en SISVER."
RESULTADO_PCR-999,RESULTADO_PCR-PENDIENTE,"Identifica el resultado de la muestra del paciente a los diferentes virus respiratorios que se analizan en los laboratorios de la Red Nacional de Laboratorios de Vigilancia Epidemiológica (INDRE, LESP y LAVE) y laboratorios privados avalados por el InDRE cuyos resultados son registrados en SISVER."
RESULTADO_PCR_COINFECCION-1,RESULTADO_PCR_COINFECCION-INFLUENZA AH1N1 PMD,"Identifica una coinfección (infección simultanea) encontrada en la muestra del paciente a los diferentes virus respiratorios que se analizan en los laboratorios de la Red Nacional de Laboratorios de Vigilancia Epidemiológica (INDRE, LESP y LAVE) y laboratorios privados avalados por el InDRE cuyos resultados son registrados en SISVER."
RESULTADO_PCR_COINFECCION-2,RESULTADO_PCR_COINFECCION-INFLUENZA A H1,"Identifica una coinfección (infección simultanea) encontrada en la muestra del paciente a los diferentes virus respiratorios que se analizan en los laboratorios de la Red Nacional de Laboratorios de Vigilancia Epidemiológica (INDRE, LESP y LAVE) y laboratorios privados avalados por el InDRE cuyos resultados son registrados en SISVER."
RESULTADO_PCR_COINFECCION-3,RESULTADO_PCR_COINFECCION-INFLUENZA A H3,"Identifica una coinfección (infección simultanea) encontrada en la muestra del paciente a los diferentes virus respiratorios que se analizan en los laboratorios de la Red Nacional de Laboratorios de Vigilancia Epidemiológica (INDRE, LESP y LAVE) y laboratorios privados avalados por el InDRE cuyos resultados son registrados en SISVER."
RESULTADO_PCR_COINFECCION-4,RESULTADO_PCR_COINFECCION-INFLUENZA B,"Identifica una coinfección (infección simultanea) encontrada en la muestra del paciente a los diferentes virus respiratorios que se analizan en los laboratorios de la Red Nacional de Laboratorios de Vigilancia Epidemiológica (INDRE, LESP y LAVE) y laboratorios privados avalados por el InDRE cuyos resultados son registrados en SISVER."
RESULTADO_PCR_COINFECCION-5,RESULTADO_PCR_COINFECCION-NEGATIVO,"Identifica una coinfección (infección simultanea) encontrada en la muestra del paciente a los diferentes virus respiratorios que se analizan en los laboratorios de la Red Nacional de Laboratorios de Vigilancia Epidemiológica (INDRE, LESP y LAVE) y laboratorios privados avalados por el InDRE cuyos resultados son registrados en SISVER."
RESULTADO_PCR_COINFECCION-6,RESULTADO_PCR_COINFECCION-MUESTRA NO ADECUADA,"Identifica una coinfección (infección simultanea) encontrada en la muestra del paciente a los diferentes virus respiratorios que se analizan en los laboratorios de la Red Nacional de Laboratorios de Vigilancia Epidemiológica (INDRE, LESP y LAVE) y laboratorios privados avalados por el InDRE cuyos resultados son registrados en SISVER."
RESULTADO_PCR_COINFECCION-7,RESULTADO_PCR_COINFECCION-ADENOVIRUS,"Identifica una coinfección (infección simultanea) encontrada en la muestra del paciente a los diferentes virus respiratorios que se analizan en los laboratorios de la Red Nacional de Laboratorios de Vigilancia Epidemiológica (INDRE, LESP y LAVE) y laboratorios privados avalados por el InDRE cuyos resultados son registrados en SISVER."
RESULTADO_PCR_COINFECCION-8,RESULTADO_PCR_COINFECCION-PARAINFLUENZA 1,"Identifica una coinfección (infección simultanea) encontrada en la muestra del paciente a los diferentes virus respiratorios que se analizan en los laboratorios de la Red Nacional de Laboratorios de Vigilancia Epidemiológica (INDRE, LESP y LAVE) y laboratorios privados avalados por el InDRE cuyos resultados son registrados en SISVER."
RESULTADO_PCR_COINFECCION-9,RESULTADO_PCR_COINFECCION-PARAINFLUENZA 2,"Identifica una coinfección (infección simultanea) encontrada en la muestra del paciente a los diferentes virus respiratorios que se analizan en los laboratorios de la Red Nacional de Laboratorios de Vigilancia Epidemiológica (INDRE, LESP y LAVE) y laboratorios privados avalados por el InDRE cuyos resultados son registrados en SISVER."
RESULTADO_PCR_COINFECCION-10,RESULTADO_PCR_COINFECCION-PARAINFLUENZA 3,"Identifica una coinfección (infección simultanea) encontrada en la muestra del paciente a los diferentes virus respiratorios que se analizan en los laboratorios de la Red Nacional de Laboratorios de Vigilancia Epidemiológica (INDRE, LESP y LAVE) y laboratorios privados avalados por el InDRE cuyos resultados son registrados en SISVER."
RESULTADO_PCR_COINFECCION-11,RESULTADO_PCR_COINFECCION-VIRUS SINCICIAL RESPIRATORIO,"Identifica una coinfección (infección simultanea) encontrada en la muestra del paciente a los diferentes virus respiratorios que se analizan en los laboratorios de la Red Nacional de Laboratorios de Vigilancia Epidemiológica (INDRE, LESP y LAVE) y laboratorios privados avalados por el InDRE cuyos resultados son registrados en SISVER."
RESULTADO_PCR_COINFECCION-13,RESULTADO_PCR_COINFECCION-INFLUENZA A NO SUBTIPIFICADA,"Identifica una coinfección (infección simultanea) encontrada en la muestra del paciente a los diferentes virus respiratorios que se analizan en los laboratorios de la Red Nacional de Laboratorios de Vigilancia Epidemiológica (INDRE, LESP y LAVE) y laboratorios privados avalados por el InDRE cuyos resultados son registrados en SISVER."
RESULTADO_PCR_COINFECCION-14,RESULTADO_PCR_COINFECCION-INFLUENZA A H5,"Identifica una coinfección (infección simultanea) encontrada en la muestra del paciente a los diferentes virus respiratorios que se analizan en los laboratorios de la Red Nacional de Laboratorios de Vigilancia Epidemiológica (INDRE, LESP y LAVE) y laboratorios privados avalados por el InDRE cuyos resultados son registrados en SISVER."
RESULTADO_PCR_COINFECCION-17,RESULTADO_PCR_COINFECCION-MUESTRA RECHAZADA,"Identifica una coinfección (infección simultanea) encontrada en la muestra del paciente a los diferentes virus respiratorios que se analizan en los laboratorios de la Red Nacional de Laboratorios de Vigilancia Epidemiológica (INDRE, LESP y LAVE) y laboratorios privados avalados por el InDRE cuyos resultados son registrados en SISVER."
RESULTADO_PCR_COINFECCION-20,RESULTADO_PCR_COINFECCION-VIRUS SINCICIAL RESPIRATORIO A,"Identifica una coinfección (infección simultanea) encontrada en la muestra del paciente a los diferentes virus respiratorios que se analizan en los laboratorios de la Red Nacional de Laboratorios de Vigilancia Epidemiológica (INDRE, LESP y LAVE) y laboratorios privados avalados por el InDRE cuyos resultados son registrados en SISVER."
RESULTADO_PCR_COINFECCION-21,RESULTADO_PCR_COINFECCION-VIRUS SINCICIAL RESPIRATORIO B,"Identifica una coinfección (infección simultanea) encontrada en la muestra del paciente a los diferentes virus respiratorios que se analizan en los laboratorios de la Red Nacional de Laboratorios de Vigilancia Epidemiológica (INDRE, LESP y LAVE) y laboratorios privados avalados por el InDRE cuyos resultados son registrados en SISVER."
RESULTADO_PCR_COINFECCION-22,RESULTADO_PCR_COINFECCION-CORONA 229E,"Identifica una coinfección (infección simultanea) encontrada en la muestra del paciente a los diferentes virus respiratorios que se analizan en los laboratorios de la Red Nacional de Laboratorios de Vigilancia Epidemiológica (INDRE, LESP y LAVE) y laboratorios privados avalados por el InDRE cuyos resultados son registrados en SISVER."
RESULTADO_PCR_COINFECCION-23,RESULTADO_PCR_COINFECCION-CORONA OC43,"Identifica una coinfección (infección simultanea) encontrada en la muestra del paciente a los diferentes virus respiratorios que se analizan en los laboratorios de la Red Nacional de Laboratorios de Vigilancia Epidemiológica (INDRE, LESP y LAVE) y laboratorios privados avalados por el InDRE cuyos resultados son registrados en SISVER."
RESULTADO_PCR_COINFECCION-24,RESULTADO_PCR_COINFECCION-CORONA SARS,"Identifica una coinfección (infección simultanea) encontrada en la muestra del paciente a los diferentes virus respiratorios que se analizan en los laboratorios de la Red Nacional de Laboratorios de Vigilancia Epidemiológica (INDRE, LESP y LAVE) y laboratorios privados avalados por el InDRE cuyos resultados son registrados en SISVER."
RESULTADO_PCR_COINFECCION-25,RESULTADO_PCR_COINFECCION-CORONA NL63,"Identifica una coinfección (infección simultanea) encontrada en la muestra del paciente a los diferentes virus respiratorios que se analizan en los laboratorios de la Red Nacional de Laboratorios de Vigilancia Epidemiológica (INDRE, LESP y LAVE) y laboratorios privados avalados por el InDRE cuyos resultados son registrados en SISVER."
RESULTADO_PCR_COINFECCION-26,RESULTADO_PCR_COINFECCION-CORONA HKU1,"Identifica una coinfección (infección simultanea) encontrada en la muestra del paciente a los diferentes virus respiratorios que se analizan en los laboratorios de la Red Nacional de Laboratorios de Vigilancia Epidemiológica (INDRE, LESP y LAVE) y laboratorios privados avalados por el InDRE cuyos resultados son registrados en SISVER."
RESULTADO_PCR_COINFECCION-27,RESULTADO_PCR_COINFECCION-MUESTRA QUE NO AMPLIFICO,"Identifica una coinfección (infección simultanea) encontrada en la muestra del paciente a los diferentes virus respiratorios que se analizan en los laboratorios de la Red Nacional de Laboratorios de Vigilancia Epidemiológica (INDRE, LESP y LAVE) y laboratorios privados avalados por el InDRE cuyos resultados son registrados en SISVER."
RESULTADO_PCR_COINFECCION-28,RESULTADO_PCR_COINFECCION-ENTEROV//RHINOVIRUS,"Identifica una coinfección (infección simultanea) encontrada en la muestra del paciente a los diferentes virus respiratorios que se analizan en los laboratorios de la Red Nacional de Laboratorios de Vigilancia Epidemiológica (INDRE, LESP y LAVE) y laboratorios privados avalados por el InDRE cuyos resultados son registrados en SISVER."
RESULTADO_PCR_COINFECCION-29,RESULTADO_PCR_COINFECCION-METAPNEUMOVIRUS,"Identifica una coinfección (infección simultanea) encontrada en la muestra del paciente a los diferentes virus respiratorios que se analizan en los laboratorios de la Red Nacional de Laboratorios de Vigilancia Epidemiológica (INDRE, LESP y LAVE) y laboratorios privados avalados por el InDRE cuyos resultados son registrados en SISVER."
RESULTADO_PCR_COINFECCION-30,RESULTADO_PCR_COINFECCION-MUESTRA SIN AISLAMIENTO,"Identifica una coinfección (infección simultanea) encontrada en la muestra del paciente a los diferentes virus respiratorios que se analizan en los laboratorios de la Red Nacional de Laboratorios de Vigilancia Epidemiológica (INDRE, LESP y LAVE) y laboratorios privados avalados por el InDRE cuyos resultados son registrados en SISVER."
RESULTADO_PCR_COINFECCION-32,RESULTADO_PCR_COINFECCION-PARAINFLUENZA 4,"Identifica una coinfección (infección simultanea) encontrada en la muestra del paciente a los diferentes virus respiratorios que se analizan en los laboratorios de la Red Nacional de Laboratorios de Vigilancia Epidemiológica (INDRE, LESP y LAVE) y laboratorios privados avalados por el InDRE cuyos resultados son registrados en SISVER."
RESULTADO_PCR_COINFECCION-33,RESULTADO_PCR_COINFECCION-MUESTRA SIN CELULAS,"Identifica una coinfección (infección simultanea) encontrada en la muestra del paciente a los diferentes virus respiratorios que se analizan en los laboratorios de la Red Nacional de Laboratorios de Vigilancia Epidemiológica (INDRE, LESP y LAVE) y laboratorios privados avalados por el InDRE cuyos resultados son registrados en SISVER."
RESULTADO_PCR_COINFECCION-34,RESULTADO_PCR_COINFECCION-SARS-CoV-2,"Identifica una coinfección (infección simultanea) encontrada en la muestra del paciente a los diferentes virus respiratorios que se analizan en los laboratorios de la Red Nacional de Laboratorios de Vigilancia Epidemiológica (INDRE, LESP y LAVE) y laboratorios privados avalados por el InDRE cuyos resultados son registrados en SISVER."
RESULTADO_PCR_COINFECCION-35,RESULTADO_PCR_COINFECCION-MERS-CoV,"Identifica una coinfección (infección simultanea) encontrada en la muestra del paciente a los diferentes virus respiratorios que se analizan en los laboratorios de la Red Nacional de Laboratorios de Vigilancia Epidemiológica (INDRE, LESP y LAVE) y laboratorios privados avalados por el InDRE cuyos resultados son registrados en SISVER."
RESULTADO_PCR_COINFECCION-36,RESULTADO_PCR_COINFECCION-SARS-CoV,"Identifica una coinfección (infección simultanea) encontrada en la muestra del paciente a los diferentes virus respiratorios que se analizan en los laboratorios de la Red Nacional de Laboratorios de Vigilancia Epidemiológica (INDRE, LESP y LAVE) y laboratorios privados avalados por el InDRE cuyos resultados son registrados en SISVER."
RESULTADO_PCR_COINFECCION-37,RESULTADO_PCR_COINFECCION-BOCAVIRUS,"Identifica una coinfección (infección simultanea) encontrada en la muestra del paciente a los diferentes virus respiratorios que se analizan en los laboratorios de la Red Nacional de Laboratorios de Vigilancia Epidemiológica (INDRE, LESP y LAVE) y laboratorios privados avalados por el InDRE cuyos resultados son registrados en SISVER."
RESULTADO_PCR_COINFECCION-41,RESULTADO_PCR_COINFECCION-MUESTRA NO RECIBIDA,"Identifica una coinfección (infección simultanea) encontrada en la muestra del paciente a los diferentes virus respiratorios que se analizan en los laboratorios de la Red Nacional de Laboratorios de Vigilancia Epidemiológica (INDRE, LESP y LAVE) y laboratorios privados avalados por el InDRE cuyos resultados son registrados en SISVER."
RESULTADO_PCR_COINFECCION-997,RESULTADO_PCR_COINFECCION-NO APLICA (CASO SIN MUESTRA),"Identifica una coinfección (infección simultanea) encontrada en la muestra del paciente a los diferentes virus respiratorios que se analizan en los laboratorios de la Red Nacional de Laboratorios de Vigilancia Epidemiológica (INDRE, LESP y LAVE) y laboratorios privados avalados por el InDRE cuyos resultados son registrados en SISVER."
RESULTADO_PCR_COINFECCION-998,RESULTADO_PCR_COINFECCION-SIN COINFECCIÓN,"Identifica una coinfección (infección simultanea) encontrada en la muestra del paciente a los diferentes virus respiratorios que se analizan en los laboratorios de la Red Nacional de Laboratorios de Vigilancia Epidemiológica (INDRE, LESP y LAVE) y laboratorios privados avalados por el InDRE cuyos resultados son registrados en SISVER."
RESULTADO_PCR_COINFECCION-999,RESULTADO_PCR_COINFECCION-PENDIENTE,"Identifica una coinfección (infección simultanea) encontrada en la muestra del paciente a los diferentes virus respiratorios que se analizan en los laboratorios de la Red Nacional de Laboratorios de Vigilancia Epidemiológica (INDRE, LESP y LAVE) y laboratorios privados avalados por el InDRE cuyos resultados son registrados en SISVER."
SECTOR-1,SECTOR-CRUZ ROJA,Identifica el tipo de institución del Sistema Nacional de Salud que brindó la atención.
SECTOR-2,SECTOR-DIF,Identifica el tipo de institución del Sistema Nacional de Salud que brindó la atención.
SECTOR-3,SECTOR-ESTATAL,Identifica el tipo de institución del Sistema Nacional de Salud que brindó la atención.
SECTOR-4,SECTOR-IMSS,Identifica el tipo de institución del Sistema Nacional de Salud que brindó la atención.
SECTOR-5,SECTOR-IMSS-BIENESTAR,Identifica el tipo de institución del Sistema Nacional de Salud que brindó la atención.
SECTOR-6,SECTOR-ISSSTE,Identifica el tipo de institución del Sistema Nacional de Salud que brindó la atención.
SECTOR-7,SECTOR-MUNICIPAL,Identifica el tipo de institución del Sistema Nacional de Salud que brindó la atención.
SECTOR-8,SECTOR-PEMEX,Identifica el tipo de institución del Sistema Nacional de Salud que brindó la atención.
SECTOR-9,SECTOR-PRIVADA,Identifica el tipo de institución del Sistema Nacional de Salud que brindó la atención.
SECTOR-10,SECTOR-SEDENA,Identifica el tipo de institución del Sistema Nacional de Salud que brindó la atención.
SECTOR-11,SECTOR-SEMAR,Identifica el tipo de institución del Sistema Nacional de Salud que brindó la atención.
SECTOR-12,SECTOR-SSA,Identifica el tipo de institución del Sistema Nacional de Salud que brindó la atención.
SECTOR-13,SECTOR-UNIVERSITARIO,Identifica el tipo de institución del Sistema Nacional de Salud que brindó la atención.
SECTOR-14,SECTOR-CIJ,Identifica el tipo de institución del Sistema Nacional de Salud que brindó la atención.
SECTOR-15,SECTOR-IMSS Bienestar OPD,Identifica el tipo de institución del Sistema Nacional de Salud que brindó la atención.
SECTOR-99,SECTOR-NO ESPECIFICADO,Identifica el tipo de institución del Sistema Nacional de Salud que brindó la atención.
SEXO-1,SEXO-MUJER,Identifica al sexo del paciente.
SEXO-2,SEXO-HOMBRE,Identifica al sexo del paciente.
SEXO-99,SEXO-NO ESPECIFICADO,Identifica al sexo del paciente.
TABAQUISMO-1,TABAQUISMO-SI ,Identifica si el paciente tiene hábito de tabaquismo.
TABAQUISMO-2,TABAQUISMO-NO ,Identifica si el paciente tiene hábito de tabaquismo.
TABAQUISMO-97,TABAQUISMO-NO APLICA,Identifica si el paciente tiene hábito de tabaquismo.
TABAQUISMO-98,TABAQUISMO-SE IGNORA,Identifica si el paciente tiene hábito de tabaquismo.
TABAQUISMO-99,TABAQUISMO-NO ESPECIFICADO,Identifica si el paciente tiene hábito de tabaquismo.
TIPO_PACIENTE-1,TIPO_PACIENTE-AMBULATORIO,Identifica el tipo de atención que recibió el paciente en la unidad. Se denomina como ambulatorio si regresó a su casa o se denomina como hospitalizado si fue ingresado a hospitalización.
TIPO_PACIENTE-2,TIPO_PACIENTE-HOSPITALIZADO,Identifica el tipo de atención que recibió el paciente en la unidad. Se denomina como ambulatorio si regresó a su casa o se denomina como hospitalizado si fue ingresado a hospitalización.
TIPO_PACIENTE-99,TIPO_PACIENTE-NO ESPECIFICADO,Identifica el tipo de atención que recibió el paciente en la unidad. Se denomina como ambulatorio si regresó a su casa o se denomina como hospitalizado si fue ingresado a hospitalización.
TOMA_MUESTRA_ANTIGENO-1,TOMA_MUESTRA_ANTIGENO-SI ,Identifica si al paciente se le tomó muestra de antígeno para SARS-CoV-2
TOMA_MUESTRA_ANTIGENO-2,TOMA_MUESTRA_ANTIGENO-NO ,Identifica si al paciente se le tomó muestra de antígeno para SARS-CoV-2
TOMA_MUESTRA_ANTIGENO-97,TOMA_MUESTRA_ANTIGENO-NO APLICA,Identifica si al paciente se le tomó muestra de antígeno para SARS-CoV-2
TOMA_MUESTRA_ANTIGENO-98,TOMA_MUESTRA_ANTIGENO-SE IGNORA,Identifica si al paciente se le tomó muestra de antígeno para SARS-CoV-2
TOMA_MUESTRA_ANTIGENO-99,TOMA_MUESTRA_ANTIGENO-NO ESPECIFICADO,Identifica si al paciente se le tomó muestra de antígeno para SARS-CoV-2
TOMA_MUESTRA_LAB-1,TOMA_MUESTRA_LAB-SI ,Identifica si al paciente se le tomó muestra de laboratorio.
TOMA_MUESTRA_LAB-2,TOMA_MUESTRA_LAB-NO ,Identifica si al paciente se le tomó muestra de laboratorio.
TOMA_MUESTRA_LAB-97,TOMA_MUESTRA_LAB-NO APLICA,Identifica si al paciente se le tomó muestra de laboratorio.
TOMA_MUESTRA_LAB-98,TOMA_MUESTRA_LAB-SE IGNORA,Identifica si al paciente se le tomó muestra de laboratorio.
TOMA_MUESTRA_LAB-99,TOMA_MUESTRA_LAB-NO ESPECIFICADO,Identifica si al paciente se le tomó muestra de laboratorio.
UCI-1,UCI-SI ,Identifica si el paciente requirió ingresar a una Unidad de Cuidados Intensivos.
UCI-2,UCI-NO ,Identifica si el paciente requirió ingresar a una Unidad de Cuidados Intensivos.
UCI-97,UCI-NO APLICA,Identifica si el paciente requirió ingresar a una Unidad de Cuidados Intensivos.
UCI-98,UCI-SE IGNORA,Identifica si el paciente requirió ingresar a una Unidad de Cuidados Intensivos.
UCI-99,UCI-NO ESPECIFICADO,Identifica si el paciente requirió ingresar a una Unidad de Cuidados Intensivos.
media::EDAD,media::EDAD,Identifica la edad del paciente.
mediana::EDAD,mediana::EDAD,Identifica la edad del paciente.
