variable,traduccion
conteo::total_datos,conteo::total_datos
ASMA-1,ASMA-SI 
ASMA-2,ASMA-NO 
ASMA-97,ASMA-NO APLICA
ASMA-98,ASMA-SE IGNORA
ASMA-99,ASMA-NO ESPECIFICADO
CARDIOVASCULAR-1,CARDIOVASCULAR-SI 
CARDIOVASCULAR-2,CARDIOVASCULAR-NO 
CARDIOVASCULAR-97,CARDIOVASCULAR-NO APLICA
CARDIOVASCULAR-98,CARDIOVASCULAR-SE IGNORA
CARDIOVASCULAR-99,CARDIOVASCULAR-NO ESPECIFICADO
CLASIFICACION_FINAL_COVID-1,CLASIFICACION_FINAL_COVID-CASO DE COVID-19 CONFIRMADO POR ASOCIACIÓN CLÍNICA EPIDEMIOLÓGICA
CLASIFICACION_FINAL_COVID-2,CLASIFICACION_FINAL_COVID-CASO DE COVID-19 CONFIRMADO POR COMITÉ DE  DICTAMINACIÓN
CLASIFICACION_FINAL_COVID-3,CLASIFICACION_FINAL_COVID-CASO DE SARS-COV-2  CONFIRMADO
CLASIFICACION_FINAL_COVID-4,CLASIFICACION_FINAL_COVID-INVÁLIDO POR LABORATORIO
CLASIFICACION_FINAL_COVID-5,CLASIFICACION_FINAL_COVID-NO REALIZADO POR LABORATORIO
CLASIFICACION_FINAL_COVID-6,CLASIFICACION_FINAL_COVID-CASO SOSPECHOSO
CLASIFICACION_FINAL_COVID-7,CLASIFICACION_FINAL_COVID-NEGATIVO A SARS-COV-2
CLASIFICACION_FINAL_FLU-3,CLASIFICACION_FINAL_FLU-CASO DE INFLUENZA CONFIRMADO
CLASIFICACION_FINAL_FLU-4,CLASIFICACION_FINAL_FLU-INVÁLIDO POR LABORATORIO
CLASIFICACION_FINAL_FLU-5,CLASIFICACION_FINAL_FLU-NO REALIZADO POR LABORATORIO
CLASIFICACION_FINAL_FLU-6,CLASIFICACION_FINAL_FLU-CASO SOSPECHOSO
CLASIFICACION_FINAL_FLU-7,CLASIFICACION_FINAL_FLU-NEGATIVO A INFLUENZA
DIABETES-1,DIABETES-SI 
DIABETES-2,DIABETES-NO 
DIABETES-97,DIABETES-NO APLICA
DIABETES-98,DIABETES-SE IGNORA
DIABETES-99,DIABETES-NO ESPECIFICADO
EMBARAZO-1,EMBARAZO-SI 
EMBARAZO-2,EMBARAZO-NO 
EMBARAZO-97,EMBARAZO-NO APLICA
EMBARAZO-98,EMBARAZO-SE IGNORA
EMBARAZO-99,EMBARAZO-NO ESPECIFICADO
EPOC-1,EPOC-SI 
EPOC-2,EPOC-NO 
EPOC-97,EPOC-NO APLICA
EPOC-98,EPOC-SE IGNORA
EPOC-99,EPOC-NO ESPECIFICADO
HABLA_LENGUA_INDIG-1,HABLA_LENGUA_INDIG-SI 
HABLA_LENGUA_INDIG-2,HABLA_LENGUA_INDIG-NO 
HABLA_LENGUA_INDIG-97,HABLA_LENGUA_INDIG-NO APLICA
HABLA_LENGUA_INDIG-98,HABLA_LENGUA_INDIG-SE IGNORA
HABLA_LENGUA_INDIG-99,HABLA_LENGUA_INDIG-NO ESPECIFICADO
HIPERTENSION-1,HIPERTENSION-SI 
HIPERTENSION-2,HIPERTENSION-NO 
HIPERTENSION-97,HIPERTENSION-NO APLICA
HIPERTENSION-98,HIPERTENSION-SE IGNORA
HIPERTENSION-99,HIPERTENSION-NO ESPECIFICADO
INDIGENA-1,INDIGENA-SI 
INDIGENA-2,INDIGENA-NO 
INDIGENA-97,INDIGENA-NO APLICA
INDIGENA-98,INDIGENA-SE IGNORA
INDIGENA-99,INDIGENA-NO ESPECIFICADO
INMUSUPR-1,INMUSUPR-SI 
INMUSUPR-2,INMUSUPR-NO 
INMUSUPR-97,INMUSUPR-NO APLICA
INMUSUPR-98,INMUSUPR-SE IGNORA
INMUSUPR-99,INMUSUPR-NO ESPECIFICADO
INTUBADO-1,INTUBADO-SI 
INTUBADO-2,INTUBADO-NO 
INTUBADO-97,INTUBADO-NO APLICA
INTUBADO-98,INTUBADO-SE IGNORA
INTUBADO-99,INTUBADO-NO ESPECIFICADO
MIGRANTE-1,MIGRANTE-SI 
MIGRANTE-2,MIGRANTE-NO 
MIGRANTE-97,MIGRANTE-NO APLICA
MIGRANTE-98,MIGRANTE-SE IGNORA
MIGRANTE-99,MIGRANTE-NO ESPECIFICADO
NACIONALIDAD-1,NACIONALIDAD-MEXICANA
NACIONALIDAD-2,NACIONALIDAD-EXTRANJERA
NACIONALIDAD-99,NACIONALIDAD-NO ESPECIFICADO
NEUMONIA-1,NEUMONIA-SI 
NEUMONIA-2,NEUMONIA-NO 
NEUMONIA-97,NEUMONIA-NO APLICA
NEUMONIA-98,NEUMONIA-SE IGNORA
NEUMONIA-99,NEUMONIA-NO ESPECIFICADO
OBESIDAD-1,OBESIDAD-SI 
OBESIDAD-2,OBESIDAD-NO 
OBESIDAD-97,OBESIDAD-NO APLICA
OBESIDAD-98,OBESIDAD-SE IGNORA
OBESIDAD-99,OBESIDAD-NO ESPECIFICADO
ORIGEN-1,ORIGEN-USMER
ORIGEN-2,ORIGEN-FUERA DE USMER
ORIGEN-99,ORIGEN-NO ESPECIFICADO
OTRA_COM-1,OTRA_COM-SI 
OTRA_COM-2,OTRA_COM-NO 
OTRA_COM-97,OTRA_COM-NO APLICA
OTRA_COM-98,OTRA_COM-SE IGNORA
OTRA_COM-99,OTRA_COM-NO ESPECIFICADO
OTRO_CASO-1,OTRO_CASO-SI 
OTRO_CASO-2,OTRO_CASO-NO 
OTRO_CASO-97,OTRO_CASO-NO APLICA
OTRO_CASO-98,OTRO_CASO-SE IGNORA
OTRO_CASO-99,OTRO_CASO-NO ESPECIFICADO
RENAL_CRONICA-1,RENAL_CRONICA-SI 
RENAL_CRONICA-2,RENAL_CRONICA-NO 
RENAL_CRONICA-97,RENAL_CRONICA-NO APLICA
RENAL_CRONICA-98,RENAL_CRONICA-SE IGNORA
RENAL_CRONICA-99,RENAL_CRONICA-NO ESPECIFICADO
RESULTADO_ANTIGENO-1,RESULTADO_ANTIGENO-POSITIVO A SARS-COV-2
RESULTADO_ANTIGENO-2,RESULTADO_ANTIGENO-NEGATIVO A SARS-COV-2
RESULTADO_ANTIGENO-97,RESULTADO_ANTIGENO-NO APLICA (CASO SIN MUESTRA)
RESULTADO_PCR-1,RESULTADO_PCR-INFLUENZA AH1N1 PMD
RESULTADO_PCR-2,RESULTADO_PCR-INFLUENZA A H1
RESULTADO_PCR-3,RESULTADO_PCR-INFLUENZA A H3
RESULTADO_PCR-4,RESULTADO_PCR-INFLUENZA B
RESULTADO_PCR-5,RESULTADO_PCR-NEGATIVO
RESULTADO_PCR-6,RESULTADO_PCR-MUESTRA NO ADECUADA
RESULTADO_PCR-7,RESULTADO_PCR-ADENOVIRUS
RESULTADO_PCR-8,RESULTADO_PCR-PARAINFLUENZA 1
RESULTADO_PCR-9,RESULTADO_PCR-PARAINFLUENZA 2
RESULTADO_PCR-10,RESULTADO_PCR-PARAINFLUENZA 3
RESULTADO_PCR-11,RESULTADO_PCR-VIRUS SINCICIAL RESPIRATORIO
RESULTADO_PCR-13,RESULTADO_PCR-INFLUENZA A NO SUBTIPIFICADA
RESULTADO_PCR-14,RESULTADO_PCR-INFLUENZA A H5
RESULTADO_PCR-17,RESULTADO_PCR-MUESTRA RECHAZADA
RESULTADO_PCR-20,RESULTADO_PCR-VIRUS SINCICIAL RESPIRATORIO A
RESULTADO_PCR-21,RESULTADO_PCR-VIRUS SINCICIAL RESPIRATORIO B
RESULTADO_PCR-22,RESULTADO_PCR-CORONA 229E
RESULTADO_PCR-23,RESULTADO_PCR-CORONA OC43
RESULTADO_PCR-24,RESULTADO_PCR-CORONA SARS
RESULTADO_PCR-25,RESULTADO_PCR-CORONA NL63
RESULTADO_PCR-26,RESULTADO_PCR-CORONA HKU1
RESULTADO_PCR-27,RESULTADO_PCR-MUESTRA QUE NO AMPLIFICO
RESULTADO_PCR-28,RESULTADO_PCR-ENTEROV//RHINOVIRUS
RESULTADO_PCR-29,RESULTADO_PCR-METAPNEUMOVIRUS
RESULTADO_PCR-30,RESULTADO_PCR-MUESTRA SIN AISLAMIENTO
RESULTADO_PCR-32,RESULTADO_PCR-PARAINFLUENZA 4
RESULTADO_PCR-33,RESULTADO_PCR-MUESTRA SIN CELULAS
RESULTADO_PCR-34,RESULTADO_PCR-SARS-CoV-2
RESULTADO_PCR-35,RESULTADO_PCR-MERS-CoV
RESULTADO_PCR-36,RESULTADO_PCR-SARS-CoV
RESULTADO_PCR-37,RESULTADO_PCR-BOCAVIRUS
RESULTADO_PCR-41,RESULTADO_PCR-MUESTRA NO RECIBIDA
RESULTADO_PCR-997,RESULTADO_PCR-NO APLICA (CASO SIN MUESTRA)
RESULTADO_PCR-998,RESULTADO_PCR-SIN COINFECCIÓN
RESULTADO_PCR-999,RESULTADO_PCR-PENDIENTE
RESULTADO_PCR_COINFECCION-1,RESULTADO_PCR_COINFECCION-INFLUENZA AH1N1 PMD
RESULTADO_PCR_COINFECCION-2,RESULTADO_PCR_COINFECCION-INFLUENZA A H1
RESULTADO_PCR_COINFECCION-3,RESULTADO_PCR_COINFECCION-INFLUENZA A H3
RESULTADO_PCR_COINFECCION-4,RESULTADO_PCR_COINFECCION-INFLUENZA B
RESULTADO_PCR_COINFECCION-5,RESULTADO_PCR_COINFECCION-NEGATIVO
RESULTADO_PCR_COINFECCION-6,RESULTADO_PCR_COINFECCION-MUESTRA NO ADECUADA
RESULTADO_PCR_COINFECCION-7,RESULTADO_PCR_COINFECCION-ADENOVIRUS
RESULTADO_PCR_COINFECCION-8,RESULTADO_PCR_COINFECCION-PARAINFLUENZA 1
RESULTADO_PCR_COINFECCION-9,RESULTADO_PCR_COINFECCION-PARAINFLUENZA 2
RESULTADO_PCR_COINFECCION-10,RESULTADO_PCR_COINFECCION-PARAINFLUENZA 3
RESULTADO_PCR_COINFECCION-11,RESULTADO_PCR_COINFECCION-VIRUS SINCICIAL RESPIRATORIO
RESULTADO_PCR_COINFECCION-13,RESULTADO_PCR_COINFECCION-INFLUENZA A NO SUBTIPIFICADA
RESULTADO_PCR_COINFECCION-14,RESULTADO_PCR_COINFECCION-INFLUENZA A H5
RESULTADO_PCR_COINFECCION-17,RESULTADO_PCR_COINFECCION-MUESTRA RECHAZADA
RESULTADO_PCR_COINFECCION-20,RESULTADO_PCR_COINFECCION-VIRUS SINCICIAL RESPIRATORIO A
RESULTADO_PCR_COINFECCION-21,RESULTADO_PCR_COINFECCION-VIRUS SINCICIAL RESPIRATORIO B
RESULTADO_PCR_COINFECCION-22,RESULTADO_PCR_COINFECCION-CORONA 229E
RESULTADO_PCR_COINFECCION-23,RESULTADO_PCR_COINFECCION-CORONA OC43
RESULTADO_PCR_COINFECCION-24,RESULTADO_PCR_COINFECCION-CORONA SARS
RESULTADO_PCR_COINFECCION-25,RESULTADO_PCR_COINFECCION-CORONA NL63
RESULTADO_PCR_COINFECCION-26,RESULTADO_PCR_COINFECCION-CORONA HKU1
RESULTADO_PCR_COINFECCION-27,RESULTADO_PCR_COINFECCION-MUESTRA QUE NO AMPLIFICO
RESULTADO_PCR_COINFECCION-28,RESULTADO_PCR_COINFECCION-ENTEROV//RHINOVIRUS
RESULTADO_PCR_COINFECCION-29,RESULTADO_PCR_COINFECCION-METAPNEUMOVIRUS
RESULTADO_PCR_COINFECCION-30,RESULTADO_PCR_COINFECCION-MUESTRA SIN AISLAMIENTO
RESULTADO_PCR_COINFECCION-32,RESULTADO_PCR_COINFECCION-PARAINFLUENZA 4
RESULTADO_PCR_COINFECCION-33,RESULTADO_PCR_COINFECCION-MUESTRA SIN CELULAS
RESULTADO_PCR_COINFECCION-34,RESULTADO_PCR_COINFECCION-SARS-CoV-2
RESULTADO_PCR_COINFECCION-35,RESULTADO_PCR_COINFECCION-MERS-CoV
RESULTADO_PCR_COINFECCION-36,RESULTADO_PCR_COINFECCION-SARS-CoV
RESULTADO_PCR_COINFECCION-37,RESULTADO_PCR_COINFECCION-BOCAVIRUS
RESULTADO_PCR_COINFECCION-41,RESULTADO_PCR_COINFECCION-MUESTRA NO RECIBIDA
RESULTADO_PCR_COINFECCION-997,RESULTADO_PCR_COINFECCION-NO APLICA (CASO SIN MUESTRA)
RESULTADO_PCR_COINFECCION-998,RESULTADO_PCR_COINFECCION-SIN COINFECCIÓN
RESULTADO_PCR_COINFECCION-999,RESULTADO_PCR_COINFECCION-PENDIENTE
SECTOR-1,SECTOR-CRUZ ROJA
SECTOR-2,SECTOR-DIF
SECTOR-3,SECTOR-ESTATAL
SECTOR-4,SECTOR-IMSS
SECTOR-5,SECTOR-IMSS-BIENESTAR
SECTOR-6,SECTOR-ISSSTE
SECTOR-7,SECTOR-MUNICIPAL
SECTOR-8,SECTOR-PEMEX
SECTOR-9,SECTOR-PRIVADA
SECTOR-10,SECTOR-SEDENA
SECTOR-11,SECTOR-SEMAR
SECTOR-12,SECTOR-SSA
SECTOR-13,SECTOR-UNIVERSITARIO
SECTOR-14,SECTOR-CIJ
SECTOR-15,SECTOR-IMSS Bienestar OPD
SECTOR-99,SECTOR-NO ESPECIFICADO
SEXO-1,SEXO-MUJER
SEXO-2,SEXO-HOMBRE
SEXO-99,SEXO-NO ESPECIFICADO
TABAQUISMO-1,TABAQUISMO-SI 
TABAQUISMO-2,TABAQUISMO-NO 
TABAQUISMO-97,TABAQUISMO-NO APLICA
TABAQUISMO-98,TABAQUISMO-SE IGNORA
TABAQUISMO-99,TABAQUISMO-NO ESPECIFICADO
TIPO_PACIENTE-1,TIPO_PACIENTE-AMBULATORIO
TIPO_PACIENTE-2,TIPO_PACIENTE-HOSPITALIZADO
TIPO_PACIENTE-99,TIPO_PACIENTE-NO ESPECIFICADO
TOMA_MUESTRA_ANTIGENO-1,TOMA_MUESTRA_ANTIGENO-SI 
TOMA_MUESTRA_ANTIGENO-2,TOMA_MUESTRA_ANTIGENO-NO 
TOMA_MUESTRA_ANTIGENO-97,TOMA_MUESTRA_ANTIGENO-NO APLICA
TOMA_MUESTRA_ANTIGENO-98,TOMA_MUESTRA_ANTIGENO-SE IGNORA
TOMA_MUESTRA_ANTIGENO-99,TOMA_MUESTRA_ANTIGENO-NO ESPECIFICADO
TOMA_MUESTRA_LAB-1,TOMA_MUESTRA_LAB-SI 
TOMA_MUESTRA_LAB-2,TOMA_MUESTRA_LAB-NO 
TOMA_MUESTRA_LAB-97,TOMA_MUESTRA_LAB-NO APLICA
TOMA_MUESTRA_LAB-98,TOMA_MUESTRA_LAB-SE IGNORA
TOMA_MUESTRA_LAB-99,TOMA_MUESTRA_LAB-NO ESPECIFICADO
UCI-1,UCI-SI 
UCI-2,UCI-NO 
UCI-97,UCI-NO APLICA
UCI-98,UCI-SE IGNORA
UCI-99,UCI-NO ESPECIFICADO
media::EDAD,media::EDAD
mediana::EDAD,mediana::EDAD
