Nº,NOMBRE DE VARIABLE,DESCRIPCIÓN DE VARIABLE,FORMATO O FUENTE,OBSERVACIÓN,CATALOGOS
1,FECHA_ACTUALIZACION,"La base de datos se alimenta diariamente, esta variable permite identificar la fecha de la ultima actualizacion.",AAAA-MM-DD,-,{}
2,ID_REGISTRO,Número identificador del caso,TEXTO,-,{}
3,ORIGEN,"La vigilancia centinela se realiza a través del sistema de unidades de salud monitoras de enfermedades respiratorias (USMER). Las USMER incluyen unidades médicas del primer, segundo o tercer nivel de atención y también participan como USMER las unidades de tercer nivel que por sus características contribuyen a ampliar el panorama de información epidemiológica, entre ellas las que cuenten con especialidad de neumología, infectología o pediatría. ",CATALOGO ORIGEN,-,"{""1"": ""USMER"", ""2"": ""FUERA DE USMER"", ""99"": ""NO ESPECIFICADO""}"
4,SECTOR,Identifica el tipo de institución del Sistema Nacional de Salud que brindó la atención.,CATALOGO SECTOR,-,"{""1"": ""CRUZ ROJA"", ""2"": ""DIF"", ""3"": ""ESTATAL"", ""4"": ""IMSS"", ""5"": ""IMSS-BIENESTAR"", ""6"": ""ISSSTE"", ""7"": ""MUNICIPAL"", ""8"": ""PEMEX"", ""9"": ""PRIVADA"", ""10"": ""SEDENA"", ""11"": ""SEMAR"", ""12"": ""SSA"", ""13"": ""UNIVERSITARIO"", ""14"": ""CIJ"", ""15"": ""IMSS Bienestar OPD"", ""99"": ""NO ESPECIFICADO""}"
5,ENTIDAD_UM,Identifica la entidad donde se ubica la unidad medica que brindó la atención.,CATALOGO ENTIDADES,-,{}
6,SEXO,Identifica al sexo del paciente.,CATALOGO SEXO,-,"{""1"": ""MUJER"", ""2"": ""HOMBRE"", ""99"": ""NO ESPECIFICADO""}"
7,ENTIDAD_NAC,Identifica la entidad de nacimiento del paciente.,CATALOGO ENTIDADES,-,{}
8,ENTIDAD_RES,Identifica la entidad de residencia del paciente.,CATALOGO ENTIDADES,-,{}
9,MUNICIPIO_RES,Identifica el municipio de residencia del paciente.,CATALOGO MUNICIPIOS,-,{}
10,TIPO_PACIENTE,Identifica el tipo de atención que recibió el paciente en la unidad. Se denomina como ambulatorio si regresó a su casa o se denomina como hospitalizado si fue ingresado a hospitalización.,CATALOGO TIPO_PACIENTE,-,"{""1"": ""AMBULATORIO"", ""2"": ""HOSPITALIZADO"", ""99"": ""NO ESPECIFICADO""}"
11,FECHA_INGRESO,Identifica la fecha de ingreso del paciente a la unidad de atención.,AAAA-MM-DD,-,{}
12,FECHA_SINTOMAS,Idenitifica la fecha en que inició la sintomatología del paciente.,AAAA-MM-DD,-,{}
13,FECHA_DEF,Identifica la fecha en que el paciente falleció.,AAAA-MM-DD,-,{}
14,INTUBADO,Identifica si el paciente requirió de intubación.,CATALOGO SI_NO,-,"{""1"": ""SI "", ""2"": ""NO "", ""97"": ""NO APLICA"", ""98"": ""SE IGNORA"", ""99"": ""NO ESPECIFICADO""}"
15,NEUMONIA,Identifica si al paciente se le diagnosticó con neumonía.,CATALOGO SI_NO,-,"{""1"": ""SI "", ""2"": ""NO "", ""97"": ""NO APLICA"", ""98"": ""SE IGNORA"", ""99"": ""NO ESPECIFICADO""}"
16,EDAD,Identifica la edad del paciente.,NUMERICA EN ANOS,-,{}
17,NACIONALIDAD,Identifica si el paciente es mexicano o extranjero.,CATALOGO NACIONALIDAD,-,"{""1"": ""MEXICANA"", ""2"": ""EXTRANJERA"", ""99"": ""NO ESPECIFICADO""}"
18,EMBARAZO,Identifica si la paciente está embarazada.,CATALOGO SI_NO,-,"{""1"": ""SI "", ""2"": ""NO "", ""97"": ""NO APLICA"", ""98"": ""SE IGNORA"", ""99"": ""NO ESPECIFICADO""}"
19,HABLA_LENGUA_INDIG,Identifica si el paciente habla lengua índigena.,CATALOGO SI_NO,-,"{""1"": ""SI "", ""2"": ""NO "", ""97"": ""NO APLICA"", ""98"": ""SE IGNORA"", ""99"": ""NO ESPECIFICADO""}"
20,INDIGENA,Identifica si el paciente se autoidentifica como una persona indígena. ,CATALOGO SI_NO,-,"{""1"": ""SI "", ""2"": ""NO "", ""97"": ""NO APLICA"", ""98"": ""SE IGNORA"", ""99"": ""NO ESPECIFICADO""}"
21,DIABETES,Identifica si el paciente tiene un diagnóstico de diabetes. ,CATALOGO SI_NO,-,"{""1"": ""SI "", ""2"": ""NO "", ""97"": ""NO APLICA"", ""98"": ""SE IGNORA"", ""99"": ""NO ESPECIFICADO""}"
22,EPOC,Identifica si el paciente tiene un diagnóstico de EPOC. ,CATALOGO SI_NO,-,"{""1"": ""SI "", ""2"": ""NO "", ""97"": ""NO APLICA"", ""98"": ""SE IGNORA"", ""99"": ""NO ESPECIFICADO""}"
23,ASMA,Identifica si el paciente tiene un diagnóstico de asma. ,CATALOGO SI_NO,-,"{""1"": ""SI "", ""2"": ""NO "", ""97"": ""NO APLICA"", ""98"": ""SE IGNORA"", ""99"": ""NO ESPECIFICADO""}"
24,INMUSUPR,Identifica si el paciente presenta inmunosupresión.,CATALOGO SI_NO,-,"{""1"": ""SI "", ""2"": ""NO "", ""97"": ""NO APLICA"", ""98"": ""SE IGNORA"", ""99"": ""NO ESPECIFICADO""}"
25,HIPERTENSION,Identifica si el paciente tiene un diagnóstico de hipertensión. ,CATALOGO SI_NO,-,"{""1"": ""SI "", ""2"": ""NO "", ""97"": ""NO APLICA"", ""98"": ""SE IGNORA"", ""99"": ""NO ESPECIFICADO""}"
26,OTRA_COM,Identifica si el paciente tiene diagnóstico de otras enfermedades.,CATALOGO SI_NO,-,"{""1"": ""SI "", ""2"": ""NO "", ""97"": ""NO APLICA"", ""98"": ""SE IGNORA"", ""99"": ""NO ESPECIFICADO""}"
27,CARDIOVASCULAR,Identifica si el paciente tiene un diagnóstico de enfermedades cardiovasculares. ,CATALOGO SI_NO,-,"{""1"": ""SI "", ""2"": ""NO "", ""97"": ""NO APLICA"", ""98"": ""SE IGNORA"", ""99"": ""NO ESPECIFICADO""}"
28,OBESIDAD,Identifica si el paciente tiene diagnóstico de obesidad.,CATALOGO SI_NO,-,"{""1"": ""SI "", ""2"": ""NO "", ""97"": ""NO APLICA"", ""98"": ""SE IGNORA"", ""99"": ""NO ESPECIFICADO""}"
29,RENAL_CRONICA,Identifica si el paciente tiene diagnóstico de insuficiencia renal crónica.,CATALOGO SI_NO,-,"{""1"": ""SI "", ""2"": ""NO "", ""97"": ""NO APLICA"", ""98"": ""SE IGNORA"", ""99"": ""NO ESPECIFICADO""}"
30,TABAQUISMO,Identifica si el paciente tiene hábito de tabaquismo.,CATALOGO SI_NO,-,"{""1"": ""SI "", ""2"": ""NO "", ""97"": ""NO APLICA"", ""98"": ""SE IGNORA"", ""99"": ""NO ESPECIFICADO""}"
31,OTRO_CASO,Identifica si el paciente tuvo contacto con algún otro caso diagnósticado con SARS CoV-2,CATALOGO SI_NO,-,"{""1"": ""SI "", ""2"": ""NO "", ""97"": ""NO APLICA"", ""98"": ""SE IGNORA"", ""99"": ""NO ESPECIFICADO""}"
32,TOMA_MUESTRA_LAB,Identifica si al paciente se le tomó muestra de laboratorio.,CATALOGO SI_NO,-,"{""1"": ""SI "", ""2"": ""NO "", ""97"": ""NO APLICA"", ""98"": ""SE IGNORA"", ""99"": ""NO ESPECIFICADO""}"
-,RESULTADO_LAB,"Identifica el resultado al virus SARS-COV-2 del análisis de la muestra reportado por el  laboratorio de la Red Nacional de Laboratorios de Vigilancia Epidemiológica (INDRE, LESP y LAVE) y laboratorios privados avalados por el InDRE cuyos resultados son registrados en SISVER. ",CATALOGO RESULTADO_LAB,Se eliminó la variable de datos abiertos en julio del 2024 y fue reemplazada por las variables: RESULTADO_PCR y RESULTADO_PCR_COINFECCION,"{""1"": ""POSITIVO A SARS-COV-2"", ""2"": ""NO POSITIVO A SARS-COV-2"", ""3"": ""RESULTADO PENDIENTE"", ""4"": ""RESULTADO NO ADECUADO "", ""97"": ""NO APLICA (CASO SIN MUESTRA)""}"
33,RESULTADO_PCR,"Identifica el resultado de la muestra del paciente a los diferentes virus respiratorios que se analizan en los laboratorios de la Red Nacional de Laboratorios de Vigilancia Epidemiológica (INDRE, LESP y LAVE) y laboratorios privados avalados por el InDRE cuyos resultados son registrados en SISVER.",CATALOGO RESULTADO_PCR,Actualización en Julio del 2024,"{""1"": ""INFLUENZA AH1N1 PMD"", ""2"": ""INFLUENZA A H1"", ""3"": ""INFLUENZA A H3"", ""4"": ""INFLUENZA B"", ""5"": ""NEGATIVO"", ""6"": ""MUESTRA NO ADECUADA"", ""7"": ""ADENOVIRUS"", ""8"": ""PARAINFLUENZA 1"", ""9"": ""PARAINFLUENZA 2"", ""10"": ""PARAINFLUENZA 3"", ""11"": ""VIRUS SINCICIAL RESPIRATORIO"", ""13"": ""INFLUENZA A NO SUBTIPIFICADA"", ""14"": ""INFLUENZA A H5"", ""17"": ""MUESTRA RECHAZADA"", ""20"": ""VIRUS SINCICIAL RESPIRATORIO A"", ""21"": ""VIRUS SINCICIAL RESPIRATORIO B"", ""22"": ""CORONA 229E"", ""23"": ""CORONA OC43"", ""24"": ""CORONA SARS"", ""25"": ""CORONA NL63"", ""26"": ""CORONA HKU1"", ""27"": ""MUESTRA QUE NO AMPLIFICO"", ""28"": ""ENTEROV//RHINOVIRUS"", ""29"": ""METAPNEUMOVIRUS"", ""30"": ""MUESTRA SIN AISLAMIENTO"", ""32"": ""PARAINFLUENZA 4"", ""33"": ""MUESTRA SIN CELULAS"", ""34"": ""SARS-CoV-2"", ""35"": ""MERS-CoV"", ""36"": ""SARS-CoV"", ""37"": ""BOCAVIRUS"", ""41"": ""MUESTRA NO RECIBIDA"", ""997"": ""NO APLICA (CASO SIN MUESTRA)"", ""998"": ""SIN COINFECCIÓN"", ""999"": ""PENDIENTE""}"
34,RESULTADO_PCR_COINFECCION,"Identifica una coinfección (infección simultanea) encontrada en la muestra del paciente a los diferentes virus respiratorios que se analizan en los laboratorios de la Red Nacional de Laboratorios de Vigilancia Epidemiológica (INDRE, LESP y LAVE) y laboratorios privados avalados por el InDRE cuyos resultados son registrados en SISVER.",CATALOGO RESULTADO_PCR,Actualización en Julio del 2024,"{""1"": ""INFLUENZA AH1N1 PMD"", ""2"": ""INFLUENZA A H1"", ""3"": ""INFLUENZA A H3"", ""4"": ""INFLUENZA B"", ""5"": ""NEGATIVO"", ""6"": ""MUESTRA NO ADECUADA"", ""7"": ""ADENOVIRUS"", ""8"": ""PARAINFLUENZA 1"", ""9"": ""PARAINFLUENZA 2"", ""10"": ""PARAINFLUENZA 3"", ""11"": ""VIRUS SINCICIAL RESPIRATORIO"", ""13"": ""INFLUENZA A NO SUBTIPIFICADA"", ""14"": ""INFLUENZA A H5"", ""17"": ""MUESTRA RECHAZADA"", ""20"": ""VIRUS SINCICIAL RESPIRATORIO A"", ""21"": ""VIRUS SINCICIAL RESPIRATORIO B"", ""22"": ""CORONA 229E"", ""23"": ""CORONA OC43"", ""24"": ""CORONA SARS"", ""25"": ""CORONA NL63"", ""26"": ""CORONA HKU1"", ""27"": ""MUESTRA QUE NO AMPLIFICO"", ""28"": ""ENTEROV//RHINOVIRUS"", ""29"": ""METAPNEUMOVIRUS"", ""30"": ""MUESTRA SIN AISLAMIENTO"", ""32"": ""PARAINFLUENZA 4"", ""33"": ""MUESTRA SIN CELULAS"", ""34"": ""SARS-CoV-2"", ""35"": ""MERS-CoV"", ""36"": ""SARS-CoV"", ""37"": ""BOCAVIRUS"", ""41"": ""MUESTRA NO RECIBIDA"", ""997"": ""NO APLICA (CASO SIN MUESTRA)"", ""998"": ""SIN COINFECCIÓN"", ""999"": ""PENDIENTE""}"
35,TOMA_MUESTRA_ANTIGENO,Identifica si al paciente se le tomó muestra de antígeno para SARS-CoV-2,CATALOGO SI_NO,Actualización en Noviembre del 2020,"{""1"": ""SI "", ""2"": ""NO "", ""97"": ""NO APLICA"", ""98"": ""SE IGNORA"", ""99"": ""NO ESPECIFICADO""}"
36,RESULTADO_ANTIGENO,Identifica el resultado del análisis de la muestra de antígeno tomada al paciente,CATALOGO RESULTADO_ANTIGENO,Actualización en Noviembre del 2020,"{""1"": ""POSITIVO A SARS-COV-2"", ""2"": ""NEGATIVO A SARS-COV-2"", ""97"": ""NO APLICA (CASO SIN MUESTRA)""}"
37,CLASIFICACION_FINAL_COVID,"Identifica si el paciente es un caso de COVID-19 según el catálogo ""CLASIFICACION_FINAL_COVID"".",CATALOGO CLASIFICACION_FINAL_COVID,"Actualización en Julio del 2024: 
Cambia de nombre de: CLASIFICACIÓN FINAL a CLASIFICACIÓN_FINAL_COVID
Así mismo, cambia el nombre de su catálogo de CLASIFICACION_FINAL a CLASIFICACION_FINAL_COVID","{""1"": ""CASO DE COVID-19 CONFIRMADO POR ASOCIACIÓN CLÍNICA EPIDEMIOLÓGICA"", ""2"": ""CASO DE COVID-19 CONFIRMADO POR COMITÉ DE  DICTAMINACIÓN"", ""3"": ""CASO DE SARS-COV-2  CONFIRMADO"", ""4"": ""INVÁLIDO POR LABORATORIO"", ""5"": ""NO REALIZADO POR LABORATORIO"", ""6"": ""CASO SOSPECHOSO"", ""7"": ""NEGATIVO A SARS-COV-2""}"
38,CLASIFICACION_FINAL_FLU,"Identifica si el paciente es un caso de influenza según el catálogo ""CLASIFICACION_FINAL_FLU"".",CATALOGO CLASIFICACION_FINAL_FLU,Actualización en Julio del 2024,"{""3"": ""CASO DE INFLUENZA CONFIRMADO"", ""4"": ""INVÁLIDO POR LABORATORIO"", ""5"": ""NO REALIZADO POR LABORATORIO"", ""6"": ""CASO SOSPECHOSO"", ""7"": ""NEGATIVO A INFLUENZA""}"
39,MIGRANTE,Identifica si el paciente es una persona migrante.,CATALOGO SI_NO,-,"{""1"": ""SI "", ""2"": ""NO "", ""97"": ""NO APLICA"", ""98"": ""SE IGNORA"", ""99"": ""NO ESPECIFICADO""}"
40,PAIS_NACIONALIDAD,Identifica la nacionalidad del paciente.,"TEXTO, 99= SE IGNORA",-,{}
41,PAIS_ORIGEN,Identifica el país del que partió el paciente rumbo a México.,"TEXTO, 97= NO APLICA",-,{}
42,UCI,Identifica si el paciente requirió ingresar a una Unidad de Cuidados Intensivos.,CATALOGO SI_NO,-,"{""1"": ""SI "", ""2"": ""NO "", ""97"": ""NO APLICA"", ""98"": ""SE IGNORA"", ""99"": ""NO ESPECIFICADO""}"
